<?xml version="1.0" encoding="utf-8"?><shortcuts>
	<shortcut>
		<defaultID/>
		<label>Recherche Films</label>
		<label2>Extensions Vidéo</label2>
		<icon>DefaultShortcut.png</icon>
		<thumb>special://profile/addon_data/script.skinshortcuts/skin.auramod-thumb-Recherche Films.png</thumb>
		<action>ActivateWindow(Videos,&quot;plugin://plugin.video.sendtokodiU2P/?action=MenuFilm&amp;famille=Search&amp;offset=0&amp;limit=500&quot;,return)</action>
		</shortcut>
	<shortcut>
		<defaultID>20386</defaultID>
		<label>20386</label>
		<label2>Elément personnalisé</label2>
		<icon>DefaultRecentlyAddedMovies.png</icon>
		<thumb>special://skin/extras/icons/</thumb>
		<action>ActivateWindow(Videos,&quot;plugin://plugin.video.sendtokodiU2P/?action=MenuFilm&amp;famille=%23Films+Last%2FIn&quot;,return)</action>
		</shortcut>
	<shortcut>
		<defaultID>31895</defaultID>
		<label>Genres</label>
		<label2>Elément personnalisé</label2>
		<icon>special://skin/extras/icons/clipboard.png</icon>
		<thumb>special://profile/addon_data/script.skinshortcuts/skin.auramod-thumb-31895.png</thumb>
		<action>ActivateWindow(Videos,&quot;plugin://plugin.video.sendtokodiU2P/?action=MenuFilm&amp;famille=Mes+Widgets&quot;,return)</action>
		</shortcut>
	<shortcut>
		<defaultID>20434</defaultID>
		<label>20434</label>
		<label2>Elément personnalisé</label2>
		<icon>DefaultSets.png</icon>
		<thumb/>
		<action>ActivateWindow(Videos,&quot;plugin://plugin.video.sendtokodiU2P/?action=MenuFilm&amp;famille=Saga&quot;,return)</action>
		</shortcut>
	<shortcut>
		<defaultID/>
		<label>Tendances du jour</label>
		<label2>Extensions Vidéo</label2>
		<icon>DefaultShortcut.png</icon>
		<thumb>special://profile/addon_data/script.skinshortcuts/skin.auramod-thumb-Tendances du jour.png</thumb>
		<action>ActivateWindow(Videos,&quot;plugin://plugin.video.sendtokodiU2P/?action=MenuFilm&amp;trakt=Tendances+du+jour&quot;,return)</action>
		</shortcut>
	<shortcut>
		<defaultID/>
		<label>Films français récents</label>
		<label2>Extensions Vidéo</label2>
		<icon>DefaultShortcut.png</icon>
		<thumb>special://profile/addon_data/script.skinshortcuts/skin.auramod-thumb-Films français récents.png</thumb>
		<action>ActivateWindow(Videos,&quot;plugin://plugin.video.sendtokodiU2P/?action=MenuFilm&amp;trakt=Films+fran%C3%A7ais+r%C3%A9cents&quot;,return)</action>
		</shortcut>
	<shortcut>
		<defaultID>31804</defaultID>
		<label>Listes Diverses</label>
		<label2>Elément personnalisé</label2>
		<icon>special://skin/extras/icons/film.png</icon>
		<thumb>special://profile/addon_data/script.skinshortcuts/skin.auramod-thumb-31804.png</thumb>
		<action>ActivateWindow(2111,return)</action>
		</shortcut>
	<shortcut>
		<defaultID/>
		<label>Selection Alkodique</label>
		<label2>Elément personnalisé</label2>
		<icon>DefaultShortcut.png</icon>
		<thumb>special://profile/addon_data/script.skinshortcuts/skin.auramod-thumb-Selection Alkodique.png</thumb>
		<action>ActivateWindow(Videos,&quot;plugin://plugin.video.sendtokodiU2P/?action=MenuFilm&amp;trakt=alKODIque&quot;,return)</action>
		</shortcut>
	<shortcut>
		<defaultID/>
		<label>Médiatheque Films</label>
		<label2>Elément personnalisé</label2>
		<icon>DefaultShortcut.png</icon>
		<thumb>special://profile/addon_data/script.skinshortcuts/skin.auramod-thumb-Médiatheque Films.png</thumb>
		<action>ActivateWindow(Videos,&quot;plugin://plugin.video.sendtokodiU2P/?action=MenuFilm&quot;,return)</action>
		</shortcut>
	</shortcuts>