<?xml version="1.0" encoding="utf-8"?><shortcuts>
	<shortcut>
		<defaultID>1036</defaultID>
		<label>1036</label>
		<label2>Elément de menu commun</label2>
		<icon>special://skin/extras/icons/favourites.png</icon>
		<thumb>special://profile/addon_data/script.skinshortcuts/skin.auramod-thumb-1036.png</thumb>
		<action>ActivateWindow(Favourites)</action>
		</shortcut>
	<shortcut>
		<defaultID/>
		<label>Mediathèque HK</label>
		<label2>Elément personnalisé</label2>
		<icon>DefaultShortcut.png</icon>
		<thumb>special://profile/addon_data/script.skinshortcuts/skin.auramod-thumb-Mediathèque HK.png</thumb>
		<action>ActivateWindow(Videos,&quot;plugin://plugin.video.sendtokodiU2P/?action=movies&quot;,return)</action>
		</shortcut>
	<shortcut>
		<defaultID/>
		<label>AudioBooks</label>
		<label2>Elément personnalisé</label2>
		<icon>DefaultShortcut.png</icon>
		<thumb>special://profile/addon_data/script.skinshortcuts/skin.auramod-thumb-AudioBooks.png</thumb>
		<action>ActivateWindow(Videos,&quot;plugin://plugin.video.sendtokodiU2P/?action=MenuAudio&quot;,return)</action>
		</shortcut>
	<shortcut>
		<defaultID/>
		<label>Fichiers</label>
		<label2>Elément personnalisé</label2>
		<icon>DefaultShortcut.png</icon>
		<thumb>special://profile/addon_data/script.skinshortcuts/skin.auramod-thumb-Fichiers.png</thumb>
		<action>ActivateWindow(Videos,sources://video/,return)</action>
		</shortcut>
	<shortcut>
		<defaultID/>
		<label>images</label>
		<label2>Elément personnalisé</label2>
		<icon>DefaultShortcut.png</icon>
		<thumb>special://profile/addon_data/script.skinshortcuts/skin.auramod-thumb-images.png</thumb>
		<action>ActivateWindow(Pictures)</action>
		</shortcut>
	<shortcut>
		<defaultID>20077</defaultID>
		<label>Mise à jour Médiathèque</label>
		<label2>Elément personnalisé</label2>
		<icon>DefaultShortcut.png</icon>
		<thumb>special://profile/addon_data/script.skinshortcuts/skin.auramod-thumb-20077.png</thumb>
		<action>PlayMedia(&quot;plugin://plugin.video.sendtokodiU2P/?action=maj&quot;)</action>
		</shortcut>
	</shortcuts>