<?xml version="1.0" encoding="utf-8"?><shortcuts>
	<shortcut>
		<defaultID/>
		<label>Concerts</label>
		<label2>Extensions Vidéo</label2>
		<icon>DefaultShortcut.png</icon>
		<thumb>special://profile/addon_data/script.skinshortcuts/skin.auramod-thumb-Concerts.png</thumb>
		<action>ActivateWindow(Videos,&quot;plugin://plugin.video.sendtokodiU2P/?action=MenuFilm&amp;groupe=CONCERTS&quot;,return)</action>
		</shortcut>
	<shortcut>
		<defaultID/>
		<label>Music</label>
		<label2>Extensions Vidéo</label2>
		<icon>DefaultShortcut.png</icon>
		<thumb>special://profile/addon_data/script.skinshortcuts/skin.auramod-thumb-Music.png</thumb>
		<action>ActivateWindow(Videos,&quot;plugin://plugin.video.sendtokodiU2P/?action=MenuFilm&amp;groupe=Music&quot;,return)</action>
		</shortcut>
	<shortcut>
		<defaultID>31895</defaultID>
		<label>Spectacles</label>
		<label2>Elément personnalisé</label2>
		<icon>special://skin/extras/icons/clipboard.png</icon>
		<thumb>special://profile/addon_data/script.skinshortcuts/skin.auramod-thumb-31895.png</thumb>
		<action>ActivateWindow(2116,return)</action>
		</shortcut>
	<shortcut>
		<defaultID/>
		<label>Spectacles (Genres)</label>
		<label2>Extensions Vidéo</label2>
		<icon>DefaultShortcut.png</icon>
		<thumb>special://profile/addon_data/script.skinshortcuts/skin.auramod-thumb-Spectacles Genres.png</thumb>
		<action>ActivateWindow(Videos,&quot;plugin://plugin.video.sendtokodiU2P/?action=MenuFilm&amp;groupe=Spectacle&quot;,return)</action>
		</shortcut>
	<shortcut>
		<defaultID>31893</defaultID>
		<label>Documentaires (Films)</label>
		<label2>Elément personnalisé</label2>
		<icon>special://skin/extras/icons/clipboard.png</icon>
		<thumb>special://profile/addon_data/script.skinshortcuts/skin.auramod-thumb-31893.png</thumb>
		<action>ActivateWindow(2113,return)</action>
		</shortcut>
	</shortcuts>