<?xml version="1.0" encoding="utf-8"?><shortcuts>
	<shortcut>
		<defaultID/>
		<label>Enfants (Films)</label>
		<label2>Extensions Vidéo</label2>
		<icon>DefaultShortcut.png</icon>
		<thumb>special://profile/addon_data/script.skinshortcuts/skin.auramod-thumb-Enfants Films.png</thumb>
		<action>ActivateWindow(Videos,&quot;plugin://plugin.video.sendtokodiU2P/?action=MenuFilm&amp;trakt=Enfants&quot;,return)</action>
		</shortcut>
	<shortcut>
		<defaultID/>
		<label>Enfants / Famille (Films)</label>
		<label2>Extensions Vidéo</label2>
		<icon>DefaultShortcut.png</icon>
		<thumb>special://profile/addon_data/script.skinshortcuts/skin.auramod-thumb-Enfants - Famille Films.png</thumb>
		<action>ActivateWindow(Videos,&quot;plugin://plugin.video.sendtokodiU2P/?action=MenuFilm&amp;trakt=Enfants&quot;,return)</action>
		</shortcut>
	<shortcut>
		<defaultID>31896</defaultID>
		<label>Listes de Films</label>
		<label2>Elément personnalisé</label2>
		<icon>special://skin/extras/icons/clipboard.png</icon>
		<thumb>special://profile/addon_data/script.skinshortcuts/skin.auramod-thumb-31896.png</thumb>
		<action>ActivateWindow(2117,return)</action>
		</shortcut>
	<shortcut>
		<defaultID/>
		<label>Enfants / Famille (Séries)</label>
		<label2>Extensions Vidéo</label2>
		<icon>DefaultShortcut.png</icon>
		<thumb>special://profile/addon_data/script.skinshortcuts/skin.auramod-thumb-Enfants - Famille Séries.png</thumb>
		<action>ActivateWindow(Videos,&quot;plugin://plugin.video.sendtokodiU2P/?action=MenuSerie&amp;trakt=Enfants&quot;,return)</action>
		</shortcut>
	<shortcut>
		<defaultID>31897</defaultID>
		<label>Listes Séries</label>
		<label2>Elément personnalisé</label2>
		<icon>special://skin/extras/icons/clipboard.png</icon>
		<thumb>special://profile/addon_data/script.skinshortcuts/skin.auramod-thumb-31897.png</thumb>
		<action>ActivateWindow(3810,return)</action>
		</shortcut>
	</shortcuts>