<?xml version="1.0" encoding="utf-8"?><shortcuts>
	<shortcut>
		<defaultID>31890</defaultID>
		<label>Anime (Films)</label>
		<label2>Elément personnalisé</label2>
		<icon>special://skin/extras/icons/tv.png</icon>
		<thumb>special://profile/addon_data/script.skinshortcuts/skin.auramod-thumb-31890.png</thumb>
		<action>ActivateWindow(4020,return)</action>
		</shortcut>
	<shortcut>
		<defaultID/>
		<label>Mangas OAV</label>
		<label2>Extensions Vidéo</label2>
		<icon>DefaultShortcut.png</icon>
		<thumb>special://profile/addon_data/script.skinshortcuts/skin.auramod-thumb-Mangas OAV.png</thumb>
		<action>ActivateWindow(Videos,&quot;plugin://plugin.video.sendtokodiU2P/?action=MenuFilm&amp;groupe=Mangas+OAV&quot;,return)</action>
		</shortcut>
	<shortcut>
		<defaultID/>
		<label>FANKAI</label>
		<label2>Extensions Vidéo</label2>
		<icon>DefaultShortcut.png</icon>
		<thumb>special://profile/addon_data/script.skinshortcuts/skin.auramod-thumb-FANKAI.png</thumb>
		<action>ActivateWindow(Videos,&quot;plugin://plugin.video.sendtokodiU2P/?action=MenuDivers&amp;repo=FANKAI&quot;,return)</action>
		</shortcut>
	<shortcut>
		<defaultID>31891</defaultID>
		<label>Animes (Séries)</label>
		<label2>Elément personnalisé</label2>
		<icon>special://skin/extras/icons/tv.png</icon>
		<thumb>special://profile/addon_data/script.skinshortcuts/skin.auramod-thumb-31891.png</thumb>
		<action>ActivateWindow(2118,return)</action>
		</shortcut>
	<shortcut>
		<defaultID>31804</defaultID>
		<label>Series Manga Par Age</label>
		<label2>Elément personnalisé</label2>
		<icon>special://skin/extras/icons/film.png</icon>
		<thumb>special://profile/addon_data/script.skinshortcuts/skin.auramod-thumb-31804.png</thumb>
		<action>ActivateWindow(3820,return)</action>
		</shortcut>
	<shortcut>
		<defaultID/>
		<label>Top Anime (Séries) by Didi</label>
		<label2>Extensions Vidéo</label2>
		<icon>DefaultShortcut.png</icon>
		<thumb>special://profile/addon_data/script.skinshortcuts/skin.auramod-thumb-Top Anime Séries by Didi.png</thumb>
		<action>ActivateWindow(Videos,&quot;plugin://plugin.video.sendtokodiU2P/?action=MenuSerie&amp;trakt=Top+Anime+by+Didi&quot;,return)</action>
		</shortcut>
	</shortcuts>