<?xml version="1.0" encoding="utf-8"?><shortcuts>
	<shortcut>
		<defaultID>moviecategorieshub</defaultID>
		<label>$SKIN[31802|skin.auramod|None]</label>
		<label2>Custom item</label2>
		<icon>special://skin/extras/icons/clipboard.png</icon>
		<thumb>special://profile/addon_data/script.skinshortcuts/skin.auramod-thumb-moviecategorieshub.png</thumb>
		<action>ActivateWindow(2112,return)</action>
		</shortcut>
	<shortcut>
		<defaultID>movieaurahub</defaultID>
		<label>$SKIN[31803|skin.auramod|None]</label>
		<label2/>
		<icon>special://skin/extras/icons/film.png</icon>
		<thumb/>
		<action>ActivateWindow(3920,return)</action>
		</shortcut>
	<shortcut>
		<defaultID>movienetflixhub</defaultID>
		<label>$SKIN[31804|skin.auramod|None]</label>
		<label2/>
		<icon>special://skin/extras/icons/film.png</icon>
		<thumb/>
		<action>ActivateWindow(3820,return)</action>
		</shortcut>
	</shortcuts>