<?xml version="1.0" encoding="utf-8"?><shortcuts>
	<shortcut>
		<label>133</label>
		<label2>32019</label2>
		<icon>DefaultMusicArtists.png</icon>
		<thumb/>
		<action>ActivateWindow(Music,musicdb://artists/,return)</action>
		</shortcut>
	<shortcut>
		<label>132</label>
		<label2>32019</label2>
		<icon>DefaultMusicAlbums.png</icon>
		<thumb/>
		<action>ActivateWindow(Music,musicdb://albums/,return)</action>
		</shortcut>
	<shortcut>
		<label>359</label>
		<label2>32019</label2>
		<icon>special://skin/extras/icons/recentlyadded.png</icon>
		<thumb/>
		<action>ActivateWindow(Music,musicdb://recentlyaddedalbums/,return)</action>
		</shortcut>
	<shortcut>
		<label>517</label>
		<label2>32019</label2>
		<icon>special://skin/extras/icons/recent.png</icon>
		<thumb/>
		<action>ActivateWindow(Music,musicdb://recentlyplayedalbums/,return)</action>
		</shortcut>
	<shortcut>
		<label>$LOCALIZE[10505]</label>
		<label2>32019</label2>
		<icon>special://skin/extras/icons/top100.png</icon>
		<thumb/>
		<action>ActivateWindow(Music,library://music/top100/top100albums.xml,return)</action>
		</shortcut>
	<shortcut>
		<label>744</label>
		<label2>32019</label2>
		<icon>DefaultFolder.png</icon>
		<thumb/>
		<action>ActivateWindow(Music,sources://music/,Return)</action>
		</shortcut>
	<shortcut>
		<label>15100</label>
		<label2>32019</label2>
		<icon>special://skin/extras/icons/database.png</icon>
		<thumb/>
		<action>ActivateWindow(Music,musicdb://,return)</action>
		</shortcut>
	</shortcuts>