<?xml version="1.0" encoding="utf-8"?><shortcuts>
	<shortcut>
		<defaultID/>
		<label>$SKIN[31807|skin.auramod|None]</label>
		<label2>Custom item</label2>
		<icon>DefaultShortcut.png</icon>
		<thumb/>
		<action>DefaultSearch-TMDBMovies</action>
		</shortcut>
	<shortcut>
		<defaultID/>
		<label>$SKIN[31808|skin.auramod|None]</label>
		<label2>Custom item</label2>
		<icon>DefaultShortcut.png</icon>
		<thumb/>
		<action>DefaultSearch-TMDBShows</action>
		</shortcut>
	<shortcut>
		<defaultID/>
		<label>TMDB Personnes</label>
		<label2>Elément personnalisé</label2>
		<icon>DefaultShortcut.png</icon>
		<thumb/>
		<action>DefaultSearch-TMDBPeople</action>
		</shortcut>
	<shortcut>
		<defaultID/>
		<label>Films U2pP</label>
		<label2>Elément personnalisé</label2>
		<icon>DefaultShortcut.png</icon>
		<thumb/>
		<action>noopActivateWindow(Videos,&quot;plugin://plugin.video.sendtokodiU2P/?action=MenuFilm&amp;amp;famille=Search&amp;amp;offset=0&amp;amp;limit=500&quot;,return)</action>
		</shortcut>
	<shortcut>
		<defaultID/>
		<label>Series U2pP</label>
		<label2>Elément personnalisé</label2>
		<icon>DefaultShortcut.png</icon>
		<thumb/>
		<action>noopActivateWindow(Videos,&quot;plugin://plugin.video.sendtokodiU2P/?action=MenuSerie&amp;amp;famille=Search&amp;amp;offset=0&amp;amp;limit=500&quot;,return)</action>
		</shortcut>
	<shortcut>
		<defaultID/>
		<label>$SKIN[31809|skin.auramod|None]</label>
		<label2>Custom item</label2>
		<icon>DefaultShortcut.png</icon>
		<thumb/>
		<action>ActivateWindow(Videos,&quot;plugin://plugin.video.seren/?action=moviesSearchResults&amp;actionArgs=&quot;,return)</action>
		<disabled>True</disabled>
		</shortcut>
	<shortcut>
		<defaultID/>
		<label>$SKIN[31810|skin.auramod|None]</label>
		<label2>Custom item</label2>
		<icon>DefaultShortcut.png</icon>
		<thumb/>
		<action>ActivateWindow(Videos,&quot;plugin://plugin.video.seren/?action=showsSearchResults&amp;actionArgs=&quot;,return)</action>
		<disabled>True</disabled>
		</shortcut>
	<shortcut>
		<defaultID>31811</defaultID>
		<label>$SKIN[31811|skin.auramod|None]</label>
		<label2>Custom item</label2>
		<icon>DefaultShortcut.png</icon>
		<thumb/>
		<action>plugin://plugin.video.fen/?mode=build_movie_list&amp;action=tmdb_movies_search&amp;query=</action>
		<disabled>True</disabled>
		</shortcut>
	<shortcut>
		<defaultID>31812</defaultID>
		<label>$SKIN[31812|skin.auramod|None]</label>
		<label2>Custom item</label2>
		<icon>DefaultShortcut.png</icon>
		<thumb/>
		<action>plugin://plugin.video.fen/?mode=build_tvshow_list&amp;action=tmdb_tv_search&amp;query=</action>
		<disabled>True</disabled>
		</shortcut>
	<shortcut>
		<defaultID>31813</defaultID>
		<label>$SKIN[31813|skin.auramod|None]</label>
		<label2>Custom item</label2>
		<icon>DefaultShortcut.png</icon>
		<thumb/>
		<action>plugin://plugin.video.venom/','12','?action=movieSearchterm&amp;name=</action>
		<disabled>True</disabled>
		</shortcut>
	<shortcut>
		<defaultID>31814</defaultID>
		<label>$SKIN[31814|skin.auramod|None]</label>
		<label2>Custom item</label2>
		<icon>DefaultShortcut.png</icon>
		<thumb/>
		<action>plugin://plugin.video.venom/?action=tvSearchterm&amp;name=</action>
		<disabled>True</disabled>
		</shortcut>
	<shortcut>
		<defaultID/>
		<label>Kodi On Demand</label>
		<label2>Custom item</label2>
		<icon>DefaultShortcut.png</icon>
		<thumb/>
		<action>plugin://plugin.video.kod/?ewogICAgImNoYW5uZWwiOiAic2VhcmNoIiwKICAgICJhY3Rpb24iOiAibmV3X3NlYXJjaCIsCiAgICAibW9kZSI6ICJhbGwiCn0=&amp;search_text=</action>
		<disabled>True</disabled>
		</shortcut>
	<shortcut>
		<defaultID/>
		<label>$SKIN[31816|skin.auramod|None]</label>
		<label2>Custom item</label2>
		<icon>DefaultShortcut.png</icon>
		<thumb/>
		<action>DefaultSearch-Movies</action>
		<disabled>True</disabled>
		</shortcut>
	<shortcut>
		<defaultID>31817</defaultID>
		<label>$SKIN[31817|skin.auramod|None]</label>
		<label2>Prédéfini</label2>
		<icon>special://skin/extras/icons/tv.png</icon>
		<thumb/>
		<action>DefaultSearch-TvShows</action>
		<disabled>True</disabled>
		</shortcut>
	<shortcut>
		<defaultID>31818</defaultID>
		<label>$SKIN[31818|skin.auramod|None]</label>
		<label2>Prédéfini</label2>
		<icon>special://skin/extras/icons/tv.png</icon>
		<thumb/>
		<action>DefaultSearch-Episodes</action>
		<disabled>True</disabled>
		</shortcut>
	<shortcut>
		<defaultID>31819</defaultID>
		<label>$SKIN[31819|skin.auramod|None]</label>
		<label2>Prédéfini</label2>
		<icon>special://skin/extras/icons/genres.png</icon>
		<thumb/>
		<action>DefaultSearch-Genres</action>
		<disabled>True</disabled>
		</shortcut>
	<shortcut>
		<defaultID>31820</defaultID>
		<label>$SKIN[31820|skin.auramod|None]</label>
		<label2>Prédéfini</label2>
		<icon>special://skin/extras/icons/years.png</icon>
		<thumb/>
		<action>DefaultSearch-Year</action>
		<disabled>True</disabled>
		</shortcut>
	<shortcut>
		<defaultID>31821</defaultID>
		<label>$SKIN[31821|skin.auramod|None]</label>
		<label2>Prédéfini</label2>
		<icon>special://skin/extras/icons/studio.png</icon>
		<thumb/>
		<action>DefaultSearch-Studio</action>
		<disabled>True</disabled>
		</shortcut>
	<shortcut>
		<defaultID>31822</defaultID>
		<label>$SKIN[31822|skin.auramod|None]</label>
		<label2>Prédéfini</label2>
		<icon>special://skin/extras/icons/country.png</icon>
		<thumb/>
		<action>DefaultSearch-Country</action>
		<disabled>True</disabled>
		</shortcut>
	<shortcut>
		<defaultID>31823</defaultID>
		<label>$SKIN[31823|skin.auramod|None]</label>
		<label2>Prédéfini</label2>
		<icon>special://skin/extras/icons/person.png</icon>
		<thumb/>
		<action>DefaultSearch-Actor</action>
		<disabled>True</disabled>
		</shortcut>
	<shortcut>
		<defaultID>20339</defaultID>
		<label>20339</label>
		<label2>Prédéfini</label2>
		<icon>special://skin/extras/icons/person.png</icon>
		<thumb/>
		<action>DefaultSearch-Director</action>
		<disabled>True</disabled>
		</shortcut>
	<shortcut>
		<defaultID>132</defaultID>
		<label>132</label>
		<label2>Prédéfini</label2>
		<icon>special://skin/extras/icons/songs.png</icon>
		<thumb/>
		<action>DefaultSearch-Albums</action>
		<disabled>True</disabled>
		</shortcut>
	<shortcut>
		<defaultID>133</defaultID>
		<label>133</label>
		<label2>Prédéfini</label2>
		<icon>special://skin/extras/icons/songs.png</icon>
		<thumb/>
		<action>DefaultSearch-Artists</action>
		<disabled>True</disabled>
		</shortcut>
	<shortcut>
		<defaultID>31824</defaultID>
		<label>$SKIN[31824|skin.auramod|None]</label>
		<label2>Prédéfini</label2>
		<icon>special://skin/extras/icons/musicvideo.png</icon>
		<thumb/>
		<action>DefaultSearch-MusicVideos</action>
		<disabled>True</disabled>
		</shortcut>
	<shortcut>
		<defaultID>31825</defaultID>
		<label>$SKIN[31825|skin.auramod|None]</label>
		<label2>Prédéfini</label2>
		<icon>special://skin/extras/icons/musicvideo.png</icon>
		<thumb/>
		<action>DefaultSearch-MusicVideoArtists</action>
		<disabled>True</disabled>
		</shortcut>
	<shortcut>
		<defaultID>31787</defaultID>
		<label>$SKIN[31787|skin.auramod|None]</label>
		<label2>Prédéfini</label2>
		<icon>special://skin/extras/icons/addons.png</icon>
		<thumb/>
		<action>DefaultSearch-Addons</action>
		<disabled>True</disabled>
		</shortcut>
	<shortcut>
		<defaultID>youtube</defaultID>
		<label>Youtube</label>
		<label2>Prédéfini</label2>
		<icon>special://skin/extras/icons/youtube.png</icon>
		<thumb/>
		<action>DefaultSearch-Youtube</action>
		</shortcut>
	<shortcut>
		<defaultID>kaito</defaultID>
		<label>Kaito</label>
		<label2>Prédéfini</label2>
		<icon>DefaultShortcut.png</icon>
		<thumb/>
		<action>DefaultSearch-Kaito</action>
		<disabled>True</disabled>
		</shortcut>
	</shortcuts>