<?xml version="1.0" encoding="utf-8"?><shortcuts>
	<shortcut>
		<defaultID>plugin.video.sendtokodiU2P</defaultID>
		<label>U2Pplay</label>
		<label2>Extensions Vidéo</label2>
		<icon>DefaultShortcut.png</icon>
		<thumb>special://profile/addon_data/script.skinshortcuts/skin.auramod-thumb-plugin.video.sendtokodiU2P.png</thumb>
		<action>ActivateWindow(Videos,&quot;plugin://plugin.video.sendtokodiU2P&quot;,return)</action>
		</shortcut>
	<shortcut>
		<defaultID>plugin.video.themoviedb.helper</defaultID>
		<label>TheMovieDb Helper</label>
		<label2>Extensions Vidéo</label2>
		<icon>DefaultShortcut.png</icon>
		<thumb>special://profile/addon_data/script.skinshortcuts/skin.auramod-thumb-plugin.video.themoviedb.helper.png</thumb>
		<action>ActivateWindow(Videos,&quot;plugin://plugin.video.themoviedb.helper&quot;,return)</action>
		</shortcut>
	<shortcut>
		<defaultID>31830</defaultID>
		<label>Mise à Jour Médiathèque</label>
		<label2>Elément personnalisé</label2>
		<icon>special://skin/extras/icons/tv.png</icon>
		<thumb>special://profile/addon_data/script.skinshortcuts/skin.auramod-thumb-31830.png</thumb>
		<action>PlayMedia(&quot;plugin://plugin.video.sendtokodiU2P/?action=maj&quot;)</action>
		</shortcut>
	<shortcut>
		<defaultID>20077</defaultID>
		<label>20077</label>
		<label2>Elément personnalisé</label2>
		<icon>special://skin/extras/icons/year.png</icon>
		<thumb>special://profile/addon_data/script.skinshortcuts/skin.auramod-thumb-20077.png</thumb>
		<action>ActivateWindow(SkinSettings)</action>
		</shortcut>
	<shortcut>
		<defaultID/>
		<label>Recherche</label>
		<label2>Elément personnalisé</label2>
		<icon>DefaultShortcut.png</icon>
		<thumb>special://profile/addon_data/script.skinshortcuts/skin.auramod-thumb-Recherche.png</thumb>
		<action>ActivateWindow(1136)</action>
		</shortcut>
	<shortcut>
		<defaultID/>
		<label>Extensions</label>
		<label2>Elément personnalisé</label2>
		<icon>DefaultShortcut.png</icon>
		<thumb>special://profile/addon_data/script.skinshortcuts/skin.auramod-thumb-Extensions.png</thumb>
		<action>ActivateWindow(AddonBrowser)</action>
		</shortcut>
	</shortcuts>