<?xml version="1.0" encoding="utf-8"?><shortcuts>
	<shortcut>
		<defaultID/>
		<label>Recherche Séries</label>
		<label2>Elément personnalisé</label2>
		<icon>DefaultShortcut.png</icon>
		<thumb>special://profile/addon_data/script.skinshortcuts/skin.auramod-thumb-Recherche Séries.png</thumb>
		<action>ActivateWindow(Videos,&quot;plugin://plugin.video.sendtokodiU2P/?action=MenuSerie&amp;famille=Search&amp;offset=0&amp;limit=500&quot;,return)</action>
		</shortcut>
	<shortcut>
		<defaultID/>
		<label>Genres</label>
		<label2>Extensions Vidéo</label2>
		<icon>DefaultShortcut.png</icon>
		<thumb>special://profile/addon_data/script.skinshortcuts/skin.auramod-thumb-Genres.png</thumb>
		<action>ActivateWindow(Videos,&quot;plugin://plugin.video.sendtokodiU2P/?action=MenuSerie&amp;famille=Mes+Widgets&quot;,return)</action>
		</shortcut>
	<shortcut>
		<defaultID>20387</defaultID>
		<label>Ajoutés récemment</label>
		<label2>Elément personnalisé</label2>
		<icon>DefaultRecentlyAddedEpisodes.png</icon>
		<thumb/>
		<action>ActivateWindow(Videos,&quot;plugin://plugin.video.sendtokodiU2P/?action=MenuSerie&amp;famille=Last+In&quot;,return)</action>
		</shortcut>
	<shortcut>
		<defaultID>626</defaultID>
		<label>626</label>
		<label2>Elément personnalisé</label2>
		<icon>special://skin/extras/icons/recentlyadded.png</icon>
		<thumb>special://profile/addon_data/script.skinshortcuts/skin.auramod-thumb-626.png</thumb>
		<action>ActivateWindow(Videos,&quot;plugin://plugin.video.sendtokodiU2P/?action=MenuSerie&amp;famille=Last+View&quot;,return)</action>
		</shortcut>
	<shortcut>
		<defaultID>369</defaultID>
		<label>Séries Favorites</label>
		<label2>Elément personnalisé</label2>
		<icon>DefaultTVShowTitle.png</icon>
		<thumb>special://profile/addon_data/script.skinshortcuts/skin.auramod-thumb-369.png</thumb>
		<action>ActivateWindow(Videos,&quot;plugin://plugin.video.sendtokodiU2P/?action=MenuSerie&amp;famille=Fav%27S+HK&quot;,return)</action>
		</shortcut>
	<shortcut>
		<defaultID/>
		<label>Par Diffuseurs</label>
		<label2>Extensions Vidéo</label2>
		<icon>DefaultShortcut.png</icon>
		<thumb>special://profile/addon_data/script.skinshortcuts/skin.auramod-thumb-Par Diffuseurs.png</thumb>
		<action>ActivateWindow(Videos,&quot;plugin://plugin.video.sendtokodiU2P/?action=MenuSerie&amp;trakt=Contenus+originaux&quot;,return)</action>
		</shortcut>
	<shortcut>
		<defaultID/>
		<label>Tendances du Jour</label>
		<label2>Elément personnalisé</label2>
		<icon>DefaultShortcut.png</icon>
		<thumb>special://profile/addon_data/script.skinshortcuts/skin.auramod-thumb-Tendances du Jour.png</thumb>
		<action>ActivateWindow(Videos,&quot;plugin://plugin.video.sendtokodiU2P/?action=MenuSerie&amp;trakt=Tendances+du+jour&quot;,return)</action>
		</shortcut>
	<shortcut>
		<defaultID/>
		<label>Les plus populaires</label>
		<label2>Extensions Vidéo</label2>
		<icon>DefaultShortcut.png</icon>
		<thumb>special://profile/addon_data/script.skinshortcuts/skin.auramod-thumb-Les plus populaires.png</thumb>
		<action>ActivateWindow(Videos,&quot;plugin://plugin.video.sendtokodiU2P/?action=MenuSerie&amp;trakt=Les+plus+populaires&quot;,return)</action>
		</shortcut>
	<shortcut>
		<defaultID>31893</defaultID>
		<label>Liste de Contributeurs</label>
		<label2>Elément personnalisé</label2>
		<icon>special://skin/extras/icons/clipboard.png</icon>
		<thumb/>
		<action>ActivateWindow(2115,return)</action>
		</shortcut>
	<shortcut>
		<defaultID/>
		<label>Sélection alKODIque</label>
		<label2>Extensions Vidéo</label2>
		<icon>DefaultShortcut.png</icon>
		<thumb>special://profile/addon_data/script.skinshortcuts/skin.auramod-thumb-Sélection alKODIque.png</thumb>
		<action>ActivateWindow(Videos,&quot;plugin://plugin.video.sendtokodiU2P/?action=MenuSerie&amp;trakt=alKODIque&quot;,return)</action>
		</shortcut>
	<shortcut>
		<defaultID/>
		<label>Séries et Animes</label>
		<label2>Elément personnalisé</label2>
		<icon>DefaultShortcut.png</icon>
		<thumb>special://profile/addon_data/script.skinshortcuts/skin.auramod-thumb-Séries et Animes.png</thumb>
		<action>ActivateWindow(Videos,&quot;plugin://plugin.video.sendtokodiU2P/?action=MenuSerie&quot;,return)</action>
		</shortcut>
	</shortcuts>