<?xml version="1.0" encoding="utf-8"?><shortcuts>
	<shortcut>
		<defaultID/>
		<label>Spectacles</label>
		<label2>Extensions Vidéo</label2>
		<icon>DefaultShortcut.png</icon>
		<thumb>image://special%3a%2f%2fhome%2faddons%2fplugin.video.sendtokodiU2P%2fresources%2fpng%2fgroupe.png/</thumb>
		<action>ActivateWindow(Videos,&quot;plugin://plugin.video.sendtokodiU2P/?action=MenuFilm&amp;groupe=Spectacles&quot;,return)</action>
		</shortcut>
	<shortcut>
		<defaultID/>
		<label>Humoristes</label>
		<label2>Extensions Vidéo</label2>
		<icon>DefaultShortcut.png</icon>
		<thumb>image://special%3a%2f%2fhome%2faddons%2fplugin.video.sendtokodiU2P%2fresources%2fpng%2fgroupe.png/</thumb>
		<action>ActivateWindow(Videos,&quot;plugin://plugin.video.sendtokodiU2P/?action=MenuFilm&amp;groupe=Humoristes&quot;,return)</action>
		</shortcut>
	<shortcut>
		<defaultID/>
		<label>Les Bodins</label>
		<label2>Extensions Vidéo</label2>
		<icon>DefaultShortcut.png</icon>
		<thumb>image://special%3a%2f%2fhome%2faddons%2fplugin.video.sendtokodiU2P%2fresources%2fpng%2fgroupe.png/</thumb>
		<action>ActivateWindow(Videos,&quot;plugin://plugin.video.sendtokodiU2P/?action=MenuFilm&amp;groupe=Les+Bodins&quot;,return)</action>
		</shortcut>
	</shortcuts>