<?xml version="1.0" encoding="utf-8"?><shortcuts>
	<shortcut>
		<defaultID/>
		<label>ARTE : Nouveautés</label>
		<label2>Extensions Vidéo</label2>
		<icon>DefaultShortcut.png</icon>
		<thumb>image://special%3a%2f%2fhome%2faddons%2fplugin.video.sendtokodiU2P%2fresources%2fpng%2fARTE.jpg/</thumb>
		<action>ActivateWindow(Videos,&quot;plugin://plugin.video.sendtokodiU2P/?action=MenuSerie&amp;trakt=ARTE+%3A+Nouveaut%C3%A9s&quot;,return)</action>
		</shortcut>
	<shortcut>
		<defaultID/>
		<label>ARTE : Populaires</label>
		<label2>Extensions Vidéo</label2>
		<icon>DefaultShortcut.png</icon>
		<thumb>image://special%3a%2f%2fhome%2faddons%2fplugin.video.sendtokodiU2P%2fresources%2fpng%2fARTE.jpg/</thumb>
		<action>ActivateWindow(Videos,&quot;plugin://plugin.video.sendtokodiU2P/?action=MenuSerie&amp;trakt=ARTE+%3A+Populaires&quot;,return)</action>
		</shortcut>
	<shortcut>
		<defaultID/>
		<label>Apple TV+ : Nouveautés</label>
		<label2>Extensions Vidéo</label2>
		<icon>DefaultShortcut.png</icon>
		<thumb>image://special%3a%2f%2fhome%2faddons%2fplugin.video.sendtokodiU2P%2fresources%2fpng%2fappletv.jpg/</thumb>
		<action>ActivateWindow(Videos,&quot;plugin://plugin.video.sendtokodiU2P/?action=MenuSerie&amp;trakt=Apple+TV%2B+%3A+Nouveaut%C3%A9s&quot;,return)</action>
		</shortcut>
	<shortcut>
		<defaultID/>
		<label>Apple TV+ : Populaires</label>
		<label2>Extensions Vidéo</label2>
		<icon>DefaultShortcut.png</icon>
		<thumb>image://special%3a%2f%2fhome%2faddons%2fplugin.video.sendtokodiU2P%2fresources%2fpng%2fappletv.jpg/</thumb>
		<action>ActivateWindow(Videos,&quot;plugin://plugin.video.sendtokodiU2P/?action=MenuSerie&amp;trakt=Apple+TV%2B+%3A+Populaires&quot;,return)</action>
		</shortcut>
	</shortcuts>