<?xml version="1.0" encoding="utf-8"?><shortcuts>
	<shortcut>
		<defaultID/>
		<label>Films Animation Hors Anime</label>
		<label2>Extensions Vidéo</label2>
		<icon>DefaultShortcut.png</icon>
		<thumb>image://special%3a%2f%2fhome%2faddons%2fplugin.video.sendtokodiU2P%2fresources%2fpng%2fliste.png/</thumb>
		<action>ActivateWindow(Videos,&quot;plugin://plugin.video.sendtokodiU2P/?action=MenuFilm&amp;famille=%23Films+Animation+Hors+Anime&quot;,return)</action>
		</shortcut>
	<shortcut>
		<defaultID/>
		<label>Animation</label>
		<label2>Extensions Vidéo</label2>
		<icon>DefaultShortcut.png</icon>
		<thumb>image://special%3a%2f%2fhome%2faddons%2fplugin.video.sendtokodiU2P%2fresources%2fpng%2fgroupe.png/</thumb>
		<action>ActivateWindow(Videos,&quot;plugin://plugin.video.sendtokodiU2P/?action=MenuFilm&amp;groupe=Animation&quot;,return)</action>
		</shortcut>
	<shortcut>
		<defaultID/>
		<label>DA News</label>
		<label2>Extensions Vidéo</label2>
		<icon>DefaultShortcut.png</icon>
		<thumb>image://special%3a%2f%2fhome%2faddons%2fplugin.video.sendtokodiU2P%2fresources%2fpng%2fgroupe.png/</thumb>
		<action>ActivateWindow(Videos,&quot;plugin://plugin.video.sendtokodiU2P/?action=MenuFilm&amp;groupe=DA+News&quot;,return)</action>
		</shortcut>
	<shortcut>
		<defaultID/>
		<label>Dessin Anime Les plus vus</label>
		<label2>Extensions Vidéo</label2>
		<icon>DefaultShortcut.png</icon>
		<thumb>image://special%3a%2f%2fhome%2faddons%2fplugin.video.sendtokodiU2P%2fresources%2fpng%2fgroupe.png/</thumb>
		<action>ActivateWindow(Videos,&quot;plugin://plugin.video.sendtokodiU2P/?action=MenuFilm&amp;groupe=Dessin+Anime+Les+plus+vus&quot;,return)</action>
		</shortcut>
	<shortcut>
		<defaultID/>
		<label>Dessin Anime Super Heros</label>
		<label2>Extensions Vidéo</label2>
		<icon>DefaultShortcut.png</icon>
		<thumb>image://special%3a%2f%2fhome%2faddons%2fplugin.video.sendtokodiU2P%2fresources%2fpng%2fgroupe.png/</thumb>
		<action>ActivateWindow(Videos,&quot;plugin://plugin.video.sendtokodiU2P/?action=MenuFilm&amp;groupe=Dessin+Anime+Super+Heros&quot;,return)</action>
		</shortcut>
	<shortcut>
		<defaultID/>
		<label>Disney</label>
		<label2>Extensions Vidéo</label2>
		<icon>DefaultShortcut.png</icon>
		<thumb>image://special%3a%2f%2fhome%2faddons%2fplugin.video.sendtokodiU2P%2fresources%2fpng%2fgroupe.png/</thumb>
		<action>ActivateWindow(Videos,&quot;plugin://plugin.video.sendtokodiU2P/?action=MenuFilm&amp;groupe=Disney&quot;,return)</action>
		</shortcut>
	<shortcut>
		<defaultID/>
		<label>Disney Nature</label>
		<label2>Extensions Vidéo</label2>
		<icon>DefaultShortcut.png</icon>
		<thumb>image://special%3a%2f%2fhome%2faddons%2fplugin.video.sendtokodiU2P%2fresources%2fpng%2fgroupe.png/</thumb>
		<action>ActivateWindow(Videos,&quot;plugin://plugin.video.sendtokodiU2P/?action=MenuFilm&amp;groupe=Disney+Nature&quot;,return)</action>
		</shortcut>
	<shortcut>
		<defaultID/>
		<label>Dreamworks Pixar et Cie</label>
		<label2>Extensions Vidéo</label2>
		<icon>DefaultShortcut.png</icon>
		<thumb>image://special%3a%2f%2fhome%2faddons%2fplugin.video.sendtokodiU2P%2fresources%2fpng%2fgroupe.png/</thumb>
		<action>ActivateWindow(Videos,&quot;plugin://plugin.video.sendtokodiU2P/?action=MenuFilm&amp;groupe=Dreamworks+Pixar+et+Cie&quot;,return)</action>
		</shortcut>
	<shortcut>
		<defaultID/>
		<label>Films pour enfants</label>
		<label2>Extensions Vidéo</label2>
		<icon>DefaultShortcut.png</icon>
		<thumb>image://special%3a%2f%2fhome%2faddons%2fplugin.video.sendtokodiU2P%2fresources%2fpng%2fgroupe.png/</thumb>
		<action>ActivateWindow(Videos,&quot;plugin://plugin.video.sendtokodiU2P/?action=MenuFilm&amp;groupe=Films+pour+enfants&quot;,return)</action>
		</shortcut>
	<shortcut>
		<defaultID/>
		<label>Jeunesse</label>
		<label2>Extensions Vidéo</label2>
		<icon>DefaultShortcut.png</icon>
		<thumb>image://special%3a%2f%2fhome%2faddons%2fplugin.video.sendtokodiU2P%2fresources%2fpng%2fgroupe.png/</thumb>
		<action>ActivateWindow(Videos,&quot;plugin://plugin.video.sendtokodiU2P/?action=MenuFilm&amp;groupe=Jeunesse&quot;,return)</action>
		</shortcut>
	<shortcut>
		<defaultID/>
		<label>Lego</label>
		<label2>Extensions Vidéo</label2>
		<icon>DefaultShortcut.png</icon>
		<thumb>image://special%3a%2f%2fhome%2faddons%2fplugin.video.sendtokodiU2P%2fresources%2fpng%2fgroupe.png/</thumb>
		<action>ActivateWindow(Videos,&quot;plugin://plugin.video.sendtokodiU2P/?action=MenuFilm&amp;groupe=Lego&quot;,return)</action>
		</shortcut>
	<shortcut>
		<defaultID/>
		<label>Looney Tunes Golden Collection</label>
		<label2>Extensions Vidéo</label2>
		<icon>DefaultShortcut.png</icon>
		<thumb>image://special%3a%2f%2fhome%2faddons%2fplugin.video.sendtokodiU2P%2fresources%2fpng%2fgroupe.png/</thumb>
		<action>ActivateWindow(Videos,&quot;plugin://plugin.video.sendtokodiU2P/?action=MenuFilm&amp;groupe=Looney+Tunes+Golden+Collection&quot;,return)</action>
		</shortcut>
	<shortcut>
		<defaultID/>
		<label>Pixar</label>
		<label2>Extensions Vidéo</label2>
		<icon>DefaultShortcut.png</icon>
		<thumb>image://special%3a%2f%2fhome%2faddons%2fplugin.video.sendtokodiU2P%2fresources%2fpng%2fgroupe.png/</thumb>
		<action>ActivateWindow(Videos,&quot;plugin://plugin.video.sendtokodiU2P/?action=MenuFilm&amp;groupe=Pixar&quot;,return)</action>
		</shortcut>
	</shortcuts>