<?xml version="1.0" encoding="utf-8"?><shortcuts>
	<shortcut>
		<defaultID/>
		<label>Séries populaires</label>
		<label2>Extensions Vidéo</label2>
		<icon>DefaultShortcut.png</icon>
		<thumb>image://special%3a%2f%2fhome%2faddons%2fplugin.video.sendtokodiU2P%2fresources%2fpng%2fgroupe.png/</thumb>
		<action>ActivateWindow(Videos,&quot;plugin://plugin.video.sendtokodiU2P/?action=MenuSerie&amp;trakt=S%C3%A9ries+populaires&quot;,return)</action>
		</shortcut>
	<shortcut>
		<defaultID/>
		<label>TOP 10 - Séries les plus téléchargées en 2021</label>
		<label2>Extensions Vidéo</label2>
		<icon>DefaultShortcut.png</icon>
		<thumb>image://special%3a%2f%2fhome%2faddons%2fplugin.video.sendtokodiU2P%2fresources%2fpng%2fgroupe.png/</thumb>
		<action>ActivateWindow(Videos,&quot;plugin://plugin.video.sendtokodiU2P/?action=MenuSerie&amp;trakt=TOP+10+-+S%C3%A9ries+les+plus+t%C3%A9l%C3%A9charg%C3%A9es+en+2021&quot;,return)</action>
		</shortcut>
	</shortcuts>