<shortcuts>
	<shortcut>
		<defaultID>19024</defaultID>
		<label>19024</label>
		<label2 />
		<icon />
		<thumb />
		<action>ActivateWindow(RadioChannels)</action>
		</shortcut>
	<shortcut>
		<defaultID>19023</defaultID>
		<label>19023</label>
		<label2 />
		<icon />
		<thumb />
		<action>ActivateWindow(TVChannels)</action>
		</shortcut>
	<shortcut>
		<defaultID>19069</defaultID>
		<label>19069</label>
		<label2 />
		<icon />
		<thumb />
		<action>ActivateWindow(TVGuide)</action>
		</shortcut>
	<shortcut>
		<defaultID>19163</defaultID>
		<label>19163</label>
		<label2 />
		<icon />
		<thumb />
		<action>ActivateWindow(TVRecordings)</action>
		</shortcut>
	<shortcut>
		<defaultID>19040</defaultID>
		<label>19040</label>
		<label2 />
		<icon />
		<thumb />
		<action>ActivateWindow(TVTimers)</action>
		</shortcut>
	</shortcuts>
