<shortcuts>
	<shortcut>
		<defaultID>1038</defaultID>
		<label>1038</label>
		<label2 />
		<icon />
		<thumb />
		<action>ActivateWindow(Music,Addons,return)</action>
		</shortcut>
	<shortcut>
		<defaultID>1037</defaultID>
		<label>1037</label>
		<label2 />
		<icon />
		<thumb />
		<action>ActivateWindow(Videos,Addons,return)</action>
		</shortcut>
	<shortcut>
		<defaultID>10040</defaultID>
		<label>10040</label>
		<label2 />
		<icon />
		<thumb />
		<action>ActivateWindow(Addonbrowser)</action>
		</shortcut>
	<shortcut>
		<defaultID>1043</defaultID>
		<label>1043</label>
		<label2 />
		<icon />
		<thumb />
		<action>ActivateWindow(Programs,Addons,return)</action>
		</shortcut>
	<shortcut>
		<defaultID>1039</defaultID>
		<label>1039</label>
		<label2 />
		<icon />
		<thumb />
		<action>ActivateWindow(Pictures,Addons,return)</action>
		</shortcut>
	</shortcuts>
