<shortcuts>
	<shortcut>
		<defaultID />
		<label>Accueil</label>
		<label2>Elément personnalisé</label2>
		<icon>DefaultShortcut.png</icon>
		<thumb />
		<action>noop</action>
		</shortcut>
	<shortcut>
		<defaultID />
		<label>Listes</label>
		<label2>Elément personnalisé</label2>
		<icon>DefaultShortcut.png</icon>
		<thumb />
		<action>noop</action>
		</shortcut>
	<shortcut>
		<defaultID />
		<label>Films</label>
		<label2>Elément personnalisé</label2>
		<icon>DefaultShortcut.png</icon>
		<thumb />
		<action>noop</action>
		</shortcut>
	<shortcut>
		<defaultID />
		<label>Sélections</label>
		<label2>Elément personnalisé</label2>
		<icon>DefaultShortcut.png</icon>
		<thumb />
		<action>noop</action>
		</shortcut>
	<shortcut>
		<defaultID />
		<label>Séries</label>
		<label2>Elément personnalisé</label2>
		<icon>DefaultShortcut.png</icon>
		<thumb />
		<action>noop</action>
		</shortcut>
	<shortcut>
		<defaultID />
		<label>Enfants</label>
		<label2>Elément personnalisé</label2>
		<icon>DefaultShortcut.png</icon>
		<thumb />
		<action>noop</action>
		</shortcut>
	<shortcut>
		<defaultID />
		<label>Manga/Jap</label>
		<label2>Elément personnalisé</label2>
		<icon>DefaultShortcut.png</icon>
		<thumb />
		<action>noop</action>
		</shortcut>
	<shortcut>
		<defaultID />
		<label>Spectacles</label>
		<label2>Elément personnalisé</label2>
		<icon>DefaultShortcut.png</icon>
		<thumb />
		<action>noop</action>
		</shortcut>
	<shortcut>
		<defaultID />
		<label>Docs/Culture</label>
		<label2>Elément personnalisé</label2>
		<icon>DefaultShortcut.png</icon>
		<thumb />
		<action>noop</action>
		</shortcut>
	<shortcut>
		<defaultID>settings</defaultID>
		<label>Système</label>
		<label2>Elément personnalisé</label2>
		<icon>special://skin/extras/icons/DefaultAddonService.png</icon>
		<thumb />
		<action>ActivateWindow(Settings)</action>
		</shortcut>
	<shortcut>
		<defaultID>power</defaultID>
		<label>33060</label>
		<label2 />
		<icon>special://skin/extras/icons/power.png</icon>
		<thumb />
		<action>ActivateWindow(shutdownmenu)</action>
		</shortcut>
	<shortcut>
		<defaultID>playdisc</defaultID>
		<label>$SKIN[31958|skin.aeon.nox.silvo|None]</label>
		<label2 />
		<icon>special://skin/extras/icons/Disc.png</icon>
		<thumb />
		<action>PlayDisc</action>
		<visible>System.HasMediaDVD</visible>
		</shortcut>
	</shortcuts>
